How to record my screen?,None
How can I highlight or annotate PDFs?,None
Is it worth upgrading from 12.04 LTS to 13.04,Make_Update
Upgrade to 12.04 64 bit,Make_Update
How to upgrade Ubuntu 14.04.1 to 14.04.2?,Make_Update
Upgrading from Ubuntu 14.04 to 15.04,Make_Update
how to upgrade from ubuntu 15.04 to 15.10?,Make_Update
Upgrade 12.04 to 12.10 using startup disk,Make_Update
How to Upgrade from 11.10 to 12.04 when you've got a problem?,Make_Update
Update 11.04 to 12.04 with LiveCD,Make_Update
How to upgrade Ubuntu 9.10 to 12.10 via terminal?,Make_Update
How to upgrade from Ubuntu 10.10 to 11.04?,Make_Update
No matter what I do Ubuntu 15.04 does not recognize HP LaserJet 1020,Setup_Printer
How to setup HP printer/scanner on ubuntu?,Setup_Printer
How do I setup my HP C4140 printer wirelessly?,Setup_Printer
How to setup wireless printing from a printer connected via usb on Ubuntu Server 12.10?,Setup_Printer
How can I install a Pantum 2502W laser printer on Ubuntu,Setup_Printer
Install Canon MP560 Ubuntu 15.04,Setup_Printer
How to install a Brother MFC-5890CN network printer?,Setup_Printer
How do I install drivers for a Konica Minolta 200?,Setup_Printer
How do I install drivers for the Panasonic MB1900CX All-in-One Printer/Scanner?,Setup_Printer
How To Install Canon LBP2900B printer in 14.04 LTS ? I tried the method for LBP2900 but it didnt work,Setup_Printer
Any command line calculator for Ubuntu?,Software_Recommendation
Extracting embedded images from a PDF,Software_Recommendation
What to use to quickly cut Audio/Video,Software_Recommendation
Torrent client for the command-line?,None
MySQL GUI Tools,Software_Recommendation
What developer text editors are available for Ubuntu?,Software_Recommendation
What screenshot tools are available?,Software_Recommendation
Which programs can I use to edit PDF files?,Software_Recommendation
Is there a lightweight tool to crop images quickly?,Software_Recommendation
What IRC clients are available?,Software_Recommendation
What new games are available for Ubuntu in 2011?,Software_Recommendation
UPNP / DLNA (client) player recommendations?,Software_Recommendation
What scientific plotting software is available?,Software_Recommendation
Can you recommend a password generator?,Software_Recommendation
What tools do you use to monitor a web server?,Software_Recommendation
What is a good MongoDB GUI client?,Software_Recommendation
Password Management Applications?,Software_Recommendation
Is there an application for reading mobi files?,Software_Recommendation
shut down without extra question,Shutdown_Computer
How to shutdown computer when users are logged on?,Shutdown_Computer
What is the proper terminal-way to shutdown?,Shutdown_Computer
How can I automatically shutdown the system after a specific time?,Shutdown_Computer
Hotkey to shut down from login screen?,Shutdown_Computer
How to shutdown the computer after Xsession ends?,Shutdown_Computer
How can one shutdown a PC using the keyboard?,Shutdown_Computer
How can I enable shutdown verbosity?,Shutdown_Computer
Are there any Keyboard Shortcuts to Shutdown?,Shutdown_Computer
Shutdown after a certain time,Shutdown_Computer
Shutdown problem in Ubuntu 16.04,Shutdown_Computer
How do I fix a shutdown problem?,Shutdown_Computer
What graphical utility can I use for Ubuntu auto shutdown?,Shutdown_Computer
