How do I download a YouTube video?,Download_Video
How do I change my password on TV Tropes?,Change_Password
Why can't I change my password and login with Skype?,Change_Password
Change subject line in new Gmail compose window,None
Email Google Form daily?,None
How can I export track.scrobble data from last.fm?,Export_Data
How can I backup my wordpress.com hosted blog?,Export_Data
How can I sync my Yahoo! Calendar with Google Calendar?,Sync_Accounts
Google Bookmarks and Chrome Bookmark Sync -- Different?,Sync_Accounts
How do I sync my RunKeeper workout schedule with Google Calender?,Sync_Accounts
"Does using Gmail's ""Never send it to Spam"" filter mean I can't train their spam filter?",Filter_Spam
Correctly Identifying Spam Messages,Filter_Spam
Twitter and Echofon spam,Filter_Spam
Totally Blocking Spam To Gmail Account,Filter_Spam
Discarding spam mail faster in Gmail,Filter_Spam
Stopping spam emails in Gmail by pattern,Filter_Spam
Alternatives for Google Reader (with Android synchronizing),Find_Alternative
Bugmenot (registration bypasser) alternative that doesn't suck?,Find_Alternative
Alternatives to Twitter,Find_Alternative
Google search engine alternatives,Find_Alternative
Alternatives to Google Groups with more features?,Find_Alternative
Are there any good Veoh or Youtube alternatives?,Find_Alternative
Mint alternatives for Canada,Find_Alternative
How can I delete my Twitter account?,Delete_Account
How do I delete my LinkedIn account?,Delete_Account
How do I delete my Gmail account?,Delete_Account
How do I delete my Experts Exchange account?,Delete_Account
How do I delete my Ohloh profile?,Delete_Account
How can I permanently delete my MySpace account?,Delete_Account
How to disable/delete a Harvest account?,Delete_Account
